"ATS","BDI"
1,2.20703430157346
2,10.6873941626254
3,7.54560432789632
4,13.9768572142317
5,13.4062253978008
6,15.8411448314502
7,17.8789201457385
8,16.5551435160694
9,19.9054504851985
10,27.9573847582699
11,36.3131825284481
12,28.9776638359941
13,29.8585526177934
14,29.4036753387173
15,29.0357991337155
16,38.6058993702972
17,43.9280975711221
18,46.1502903990977
19,41.7365036270097
20,49.8914009123646
