"TRM","BDI"
1,3.76246157807004
1,5.43568329935572
1,4.10807887271543
1,5.25222344815613
1,4.58848916720493
1,4.70078488210268
1,4.71053842631178
1,3.85234299076365
1,4.20099075101063
1,5.76359346114046
2,9.40465338885795
2,6.99423282725246
2,6.70527955320944
2,6.07143296528646
2,5.46004995809629
2,7.41464143445641
2,8.2724293214294
2,8.3297992629225
2,6.67376663929435
2,8.26295428488079
