"HSA","ATS","BDI"
1,19,39.1809696867175
1,13,28.0247680959042
1,14,31.3239472858561
1,16,40.2051666574125
1,19,40.9504652894785
2,17,26.7788264138559
2,24,37.1146125784367
2,24,34.5164095048798
2,22,33.4616470518183
2,21,30.131414215228
3,21,16.2070343015735
3,22,23.6873941626254
3,22,18.5456043278963
3,27,27.9768572142317
3,24,22.4062253978008
4,33,21.8411448314502
4,30,18.8789201457385
4,32,17.5551435160694
4,35,21.9054504851985
4,29,21.9573847582699
