"HSA","ACT","BDI"
1,1,5.8565205768987
1,2,8.75462561049335
1,3,6.45514729119902
1,4,8.43686382706664
1,5,7.28724232973396
2,1,0.981744213409137
2,2,2.49863784753315
2,3,2.5121997503401
2,4,4.61607538503296
2,5,8.82258267102265
3,1,6.16498184409465
3,2,3.99001096378524
3,3,5.48952921212935
3,4,6.39167471764258
3,5,7.33272828630495
4,1,1.71818003140174
4,2,6.20391223375612
4,3,9.30327988724942
4,4,9.43494724413387
4,5,15.1875009890504
