"","id","treat","time","y"
"1",1,"ctrl","pre",30.0294757017902
"2",2,"ctrl","pre",30.1948298089555
"3",3,"ctrl","pre",28.8475604576552
"4",1,"ctrl","post",30.0302759903083
"5",2,"ctrl","post",30.196035478656
"6",3,"ctrl","post",28.8471517555948
"7",4,"treat","pre",30.2576569976704
"8",5,"treat","pre",29.7067294955254
"9",6,"treat","pre",29.0393339528022
"10",4,"treat","post",25.2575693588257
"11",5,"treat","post",24.7085908873342
"12",6,"treat","post",24.0381520018117
